{"cameraMode":{"drawMode":0,"name":"Shaded","section":"Shading Mode"},"sceneLighting":false,"audioPlay":false,"sceneViewState":{"m_AlwaysRefresh":true,"showFog":true,"showSkybox":true,"showFlares":true,"showImageEffects":true,"showParticleSystems":true,"showVisualEffectGraphs":true,"m_FxEnabled":true},"in2DMode":false,"pivot":{"x":243.04241943359376,"y":637.93603515625,"z":185.7355499267578},"rotation":{"x":0.015869954600930215,"y":-0.9779608845710754,"z":0.08086737245321274,"w":0.19193772971630097},"size":56.909767150878909,"orthographic":false}